,user_id,name,user,location,id,text,date,_merge
0,1339408363055054853,Sekolah Official,OfficialSekolah,,1380465126600400897,"Akibat dari semakin berkembangnya teknologi saat ini, individualisme semakin menjamur di hati setiap orang.

#sekolah #pendidikan #indonesia #school #sma #dirumahaja #belajar #smp #smk #guru #covid #jakarta #kuliah #ppdb #sekolahislam #sekolahan #bhfyp #FYP #beranda #INFO https://t.co/VrEIAZC2nc",2021-04-09 10:18:28,left_only
1,87901624,JakTvOfficial,JaktvCom,"Jakarta, Indonesia",1380463964035837960,"Sobat Jak, semoga kita semua bisa segera mendapatkan giliran untuk vaksinasi Covid-19. Tapi ingat, sebelum atau sesudah vaksinasi, jangan abaikan protokol kesehatan yaa! 
#vaksin #vaksincovid19 #vaksinasi #covid #COVID19 #jaktv #optimis #jakarta #indonesia https://t.co/OSmiotKGtC",2021-04-09 10:13:51,left_only
2,3231776798,Berita Covid,beritacovid,,1380427372189646848,#Cerita Pejuang Tes COVID Sulitnya Cari PCR Murah Berkualitas - https://t.co/fBcuWQtwIZ #Covid #Covid19 https://t.co/QAQP274ARF,2021-04-09 07:48:27,left_only
3,1339408363055054853,Sekolah Official,OfficialSekolah,,1380425822918438912,"Kita sebagai guru harus bisa mengetahui karakter setiap murid, bahkan kita juga harus membangun karakter murid supaya lebih baik untuk masa yg akan datang.

#sekolah #pendidikan #indonesia #school #sma #dirumahaja #belajar #smp #smk #guru #covid #jakarta #fyp #bhfyp #FYP #beranda https://t.co/5TFEuf0lzU",2021-04-09 07:42:17,left_only
4,1366400664960573441,holopiscom,holopiscom,"Jakarta Capital Region, Indone",1380411002286534669,"Waspada Virus Covid 19 Kembali Bermutasi, Kali Ini Menjadi Virus EEK https://t.co/k9EO9tsM6P via @holopiscom @KemenkesRI @BudiGSadikin @BNPB_Indonesia 

#COVID19 #COVID #COVID19AB #holopiscom",2021-04-09 06:43:24,left_only
5,1366400664960573441,holopiscom,holopiscom,"Jakarta Capital Region, Indone",1380410636413374464,"Waspada Virus Covid 19 Kembali Bermutasi, Kali Ini Menjadi Virus EEK https://t.co/k9EO9tbbfh via @holopiscom @KemenkesRI @BudiGSadikin @BNPB_Indonesia 

#COVID19 #COVID #COVID19AB #holopiscom",2021-04-09 06:41:57,left_only
6,712276389286686721,Rakyat Merdeka,RakyatMerdeka99,"Graha Pena, Kebayoran Lama 12",1380408148956127234,"Duta Besar Inggris Untuk Indonesia Owen Jenkins 
Dukung Indonesia Jaga Peran Alam Pada Pertumbuhan Ekonomi

@DubesInggris #Alam #PertumbuhanEkonomi #Internasional #Corona #coronavirus #COVID19 #COVID„Éº19 #COVID__19 #Covid_19 #COVID #RakyatMerdeka #RMid 

https://t.co/zdfvE6d8Av",2021-04-09 06:32:04,both
7,1062608144168235009,Peduli Yatim,kitapeduliyatim,"Depok, Indonesia",1380357554077765635,"Ya Allah semoga di Ramadhan ini wabah covid19 segera selesai, sehingga kami semua bisa beribadah dan berpuasa dengan lancar  Aamiinü§≤üôè
#COVID #Ramadan #sehat
#JumatBerkah #jumatberbagi 
#Lebaran #Indonesia",2021-04-09 03:11:01,left_only
8,966983910788759553,GenPI.co,Genpi_Co,Indonesia,1380296906958458880,Menteri Kesehatan Budi Gunadi Sadikin mengimbau masyarakat Indonesia untuk mewaspadai penyakit TBC di tengah pandemi Covid-19 yang masih melanda. #Covid-19 https://t.co/EwXsbgUTS2,2021-04-08 23:10:01,left_only
9,4219447586,Alhijaz Indowisata üáÆüá©#üíØ% Folback,Hadi_VIP99,"Bekasi, Jawa Barat",1380123770082365444,"Salam santun @BNPB_Indonesia @aw3126 @KawalCOVID19

Daerah Sebaran Kasus Positif CoViD-19 Indonesia

Per tgl 08 Apr 2021, pukul 12.00WIB

34 Propinsi telah terdampak penyebaran Virus CoViD-19

#coronavirus #covid-19 #coronavirusindonesia #coronaindonesia #wabahcorona #covid19 https://t.co/3fc73e9fID",2021-04-08 11:42:02,left_only
10,804246011837190145,Humas Pemda DIY,humas_jogja,"Yogyakarta, Indonesia",1380077751491653632,"Suplai vaksin Covid-19 yang berkurang tersebut berdampak pada laju vaksinasi di Indonesia. Rencana percepatan vaksinasi tidak bisa dilakukan sesuai rencana.

#embargovaksin
#JogjaElingLanWaspada
#JogjaBisa
#COVID-19",2021-04-08 08:39:11,left_only
11,1339408363055054853,Sekolah Official,OfficialSekolah,,1379996974636658691,"Pendidikan¬†sekolah¬†bisa membangun karakter¬†bagi¬†generasi muda. Pendidikan karakter ini sangat penting karena mengajarkan norma kesopanan, norma keagamaan, dan norma yang lainnya.

#sekolah #pendidikan #indonesia #school #sma #dirumahaja #belajar #smp #smk #guru #covid #bhfyp #FYP https://t.co/n6FgbHBN1C",2021-04-08 03:18:12,left_only
12,712276389286686721,Rakyat Merdeka,RakyatMerdeka99,"Graha Pena, Kebayoran Lama 12",1379979810395410436,"Top News Koran Rakyat Merdeka

Ramal Ekonomi Tumbuh 7 Persen
Luhut Kepedean

@kemenkomarves #luhut #pertumbuhanekonomi #ppkm #PEN #IMF #Indonesia #Jokowi #Nasional #Corona #coronavirus #COVID19 #COVID„Éº19 #COVID__19 #Covid_19 #COVID #RakyatMerdeka #RMid

https://t.co/FRzbCNpopa",2021-04-08 02:10:00,both
13,1347211292843536384,deskjabar.com,deskjabar,"West Java, Indonesia",1379976058733088769,"Total Covid-19 di Dunia Tembus 133 Juta Kasus, Indonesia Masih Termasuk Daftar 20 Besar 
#COVID 
#COVID19 
#VaksinasiNasional 
https://t.co/PxajvdoQEc",2021-04-08 01:55:05,left_only
14,712276389286686721,Rakyat Merdeka,RakyatMerdeka99,"Graha Pena, Kebayoran Lama 12",1379963452853252097,"Top News Koran Rakyat Merdeka

Ini Bukan Hoaks
Yang Kaya Makin Kaya, Yang Kere Makin Kere

#Forbes #orangterkaya #miskin #kaya #Indonesia 
#Nasional #Corona #coronavirus #COVID19 #COVID„Éº19 #COVID__19 #Covid_19 #COVID #RakyatMerdeka #RMid

https://t.co/yiVx7g6VXb",2021-04-08 01:05:00,both
15,4219447586,Alhijaz Indowisata üáÆüá©#üíØ% Folback,Hadi_VIP99,"Bekasi, Jawa Barat",1379781069675790339,"Salam santun @BNPB_Indonesia @aw3126 @KawalCOVID19

Daerah Sebaran Kasus Positif CoViD-19 Indonesia

Per tgl 07 Apr 2021, pukul 12.00WIB

34 Propinsi telah terdampak penyebaran Virus CoViD-19

#coronavirus #covid-19 #coronavirusindonesia #coronaindonesia #wabahcorona #covid19 https://t.co/bes9obSniW",2021-04-07 13:00:16,left_only
16,3231776798,Berita Covid,beritacovid,,1379702744932511745,#40 Orang Mendadak Kaya Gara-gara Pandemi Covid-19 - CNN Indonesia #Covid #Covid19 https://t.co/LcY4rQRlpx,2021-04-07 07:49:02,left_only
17,3231776798,Berita Covid,beritacovid,,1379702719372480513,"#Korupsi Pengadaan Barang COVID-19, KPK Cek 2 Lokasi - https://t.co/fBcuWQtwIZ #Covid #Covid19 https://t.co/s72vCMXNPa",2021-04-07 07:48:56,left_only
18,1325032827046428673,SehatBersamaYuk!,_SehatBersama,,1379694267715612673,SLOT APRIL LIMITED YA! yuk siapa yang pingin urus badan jadi lebih sehat bonus turun BB! DM langsung okay! tanya- tanya? BOLEH BANGET! #diet #dietsehat #dietalami #kesehatan #covid #Indonesia #DIETGAMPANG #diet #TURUNBB #jantungsehat #pedulisehat #pedulijantung,2021-04-07 07:15:21,left_only
19,1325032827046428673,SehatBersamaYuk!,_SehatBersama,,1379693867495120896,Hayooo yg masih bilang programnya mahal! belum coba nihhhh! #diet #dietsehat #dietalami #kesehatan #covid #Indonesia #DIETGAMPANG #diet #TURUNBB #jantungsehat #pedulisehat #pedulijantung,2021-04-07 07:13:46,left_only
20,1325032827046428673,SehatBersamaYuk!,_SehatBersama,,1379693271014760450,Nih ingat #diet #dietsehat #dietalami #kesehatan #covid #Indonesia #DIETGAMPANG #diet #TURUNBB #jantungsehat #pedulisehat #pedulijantung https://t.co/rXxHkn8fjH,2021-04-07 07:11:23,left_only
21,1325032827046428673,SehatBersamaYuk!,_SehatBersama,,1379693130136481795,DIA BISA? KITA JUGA BISA!!! #diet #dietsehat #dietalami #kesehatan #covid #Indonesia #DIETGAMPANG #diet #TURUNBB #jantungsehat #pedulisehat #pedulijantung https://t.co/Gxs8P2a5AB,2021-04-07 07:10:50,left_only
22,1325032827046428673,SehatBersamaYuk!,_SehatBersama,,1379692969331073026,HAYOOO UDH PADA GINI BELUM? #diet #dietsehat #dietalami #kesehatan #covid #Indonesia #DIETGAMPANG #diet #TURUNBB #jantungsehat #pedulisehat #pedulijantung https://t.co/LKnH3n92Z2,2021-04-07 07:10:12,left_only
23,1325032827046428673,SehatBersamaYuk!,_SehatBersama,,1379692629164650498,DIET TAPI ENAK! #diet #dietsehat #dietalami #kesehatan #covid #Indonesia https://t.co/03jl8LEOkt,2021-04-07 07:08:50,left_only
24,1325032827046428673,SehatBersamaYuk!,_SehatBersama,,1379692456573210625,Yuk jadi pejuang diet yang PINTAR!!! #diet #dietsehat #dietalami #kesehatan #covid #Indonesia https://t.co/NEgJfHit7U,2021-04-07 07:08:09,left_only
25,712276389286686721,Rakyat Merdeka,RakyatMerdeka99,"Graha Pena, Kebayoran Lama 12",1379598548015087617,"Top News Koran Rakyat Merdeka

Indonesia Peringkat 8 Dunia
Mei, Vaksinasi Digenjot Lagi

@KemenkesRI @BudiGSadikin #Vaksin #Vaksinasi #VaksinAstraZeneca #AstraZeneca #GovernmentAction #Corona #coronavirus #COVID19 #COVID #RakyatMerdeka #RMid

https://t.co/cI6AKRGh1l",2021-04-07 00:55:00,both
26,4219447586,Alhijaz Indowisata üáÆüá©#üíØ% Folback,Hadi_VIP99,"Bekasi, Jawa Barat",1379393530091556866,"Salam santun @BNPB_Indonesia @aw3126 @KawalCOVID19

Daerah Sebaran Kasus Positif CoViD-19 Indonesia

Per tgl 06 Apr 2021, pukul 12.00WIB

34 Propinsi telah terdampak penyebaran Virus CoViD-19

#coronavirus #covid-19 #coronavirusindonesia #coronaindonesia #wabahcorona #covid19 https://t.co/j7DbfXvhsb",2021-04-06 11:20:20,left_only
27,3098610954,TVRINews,News_TVRI,Senayan-Jakarta,1379371328931790851,"‚ÄùSelama pandemi Covid-19 ini, terjadi peningkatan permintaan dalam penggunaan obat tradisional khas Indonesia, dan Tiongkok atau Traditional Chinese Medicine (TCM)‚Äù 
#BPOM #Obattradisional #COVID #COVID19 #Indonesia #Tiongkok #TCM #TVRI #TVRINews
https://t.co/mMq4Z8DXwL",2021-04-06 09:52:06,left_only
28,1339408363055054853,Sekolah Official,OfficialSekolah,,1379370982071181314,"Generasi muda saat ini tak sedikit yang telah mampu mengharumkan nama bangsa yang akhirnya membuat seluruh rakyat Indonesia bangga.

#sekolah #pendidikan #indonesia #school #sma #dirumahaja #belajar #smp #smk #guru #covid #jakarta #kuliah #ppdb #sekolahislam #sekolahan #FYP #fyp https://t.co/baWMccuy7x",2021-04-06 09:50:44,left_only
29,248502471,#BanggaInovasiIndonesia,BPPT_RI,Thamrin-8 & Puspiptek Serpong,1379367935592951810,"Semoga hal ini menjadi bagian ikhtiar bagi kami utk terus menghasilkan inovasi, guna #pemulihan ekonomi #Indonesia serta memutus rantai penyebaran #Covid-19.",2021-04-06 09:38:37,left_only
30,268173607,PRAKARSA,theprakarsa,"Jakarta, Indonesia",1379354279375347718,"Nyatanya pencapaian #UHC lah yang seharusnya perlu dipercepat, karena dapat mendorong perbaikan penanganan #COVID19 dan melindungi #masyarakat dari pengeluaran katastropik untuk #kesehatan akibat pandemi #COVID19.

#sehat #kesehatan #covid #Indonesia #nakes #thinktank #ngo https://t.co/UgIwaWQdwP",2021-04-06 08:44:22,left_only
31,712276389286686721,Rakyat Merdeka,RakyatMerdeka99,"Graha Pena, Kebayoran Lama 12",1379340455767252993,"170 Negara Alami Kontraksi Terburuk Dalam 150 Tahun Terakhir, Indonesia Masih Mendingan

@KemenkeuRI #Kontraksi #SriMulyani #EkonomiBisnis #Corona #coronavirus #COVID19 #COVID„Éº19 #COVID__19 #Covid_19 #COVID #RakyatMerdeka #RMid 

https://t.co/1SnOAGZjga",2021-04-06 07:49:26,both
32,3231776798,Berita Covid,beritacovid,,1379340298359296000,#Menteri Sri Mulyani Soal Penanganan Covid-19: Stimulus Indonesia Sudah Luar Biasa | https://t.co/9DR9sggnJX - https://t.co/9DR9sggnJX #Covid #Covid19 https://t.co/RnBQM8F1cK,2021-04-06 07:48:48,left_only
33,3098610954,TVRINews,News_TVRI,Senayan-Jakarta,1379193548835221507,"Jatah Vaksin Covid-19 Indonesia Menurun 
#COVID„Éº19 #COVID #VaksinasiNasional #Vaccine #Vaksincovid #Indonesia #TVRI #TVRINews
https://t.co/wWSUzoIzMw",2021-04-05 22:05:40,left_only
34,1140149543939346432,DJKASINO8,djkasino8,"Jakarta Pusat, DKI Jakarta",1379046619404935168,"Antonio Conte pun tidak bisa menyembunyikan rasa sukacitanya ketika ditanya mengenai peluang Inter merengkuh scudetto musim ini.

#ligainggris #football #indonesia #jakarta #like #bali #bandung #instagram #viral #surabaya #lfl #dirumahaja #covid #likeforlikes #follow #medan https://t.co/lraAfwInUt",2021-04-05 12:21:50,left_only
35,4219447586,Alhijaz Indowisata üáÆüá©#üíØ% Folback,Hadi_VIP99,"Bekasi, Jawa Barat",1379042162407448589,"Salam santun @BNPB_Indonesia @aw3126 @KawalCOVID19

Daerah Sebaran Kasus Positif CoViD-19 Indonesia

Per tgl 05 Apr 2021, pukul 12.00WIB

34 Propinsi telah terdampak penyebaran Virus CoViD-19

#coronavirus #covid-19 #coronavirusindonesia #coronaindonesia #wabahcorona #covid19 https://t.co/p4PlwnbbEg",2021-04-05 12:04:07,left_only
36,87901624,JakTvOfficial,JaktvCom,"Jakarta, Indonesia",1379015028615958533,"Sobat Jak, semoga kita semua bisa segera mendapatkan giliran untuk vaksinasi Covid-19. Tapi ingat, sebelum atau sesudah vaksinasi, jangan abaikan protokol kesehatan yaa! 

 #vaksinasi #covid #COVID19 #infokesehatan  #health #healthy   #jaktv #optimis #jakarta #indonesia https://t.co/XMFT8tmHZl",2021-04-05 10:16:18,left_only
37,3231776798,Berita Covid,beritacovid,,1378977774501834753,#Kemenkes Konfirmasi Ada Mutasi Varian Covid-19 E484K Masuk ke Indonesia | https://t.co/9DR9sggnJX - https://t.co/9DR9sggnJX #Covid #Covid19 https://t.co/dnAg9lB8e3,2021-04-05 07:48:16,left_only
38,3231776798,Berita Covid,beritacovid,,1378977757816832000,"#Kasus Covid-19 Menurun, Menko Airlangga Prediksi Ekonomi Indonesia Mampu Tumbuh 5,6 Persen - https://t.co/1hFRey6UPt #Covid #Covid19 https://t.co/r5bsEwBNeb",2021-04-05 07:48:12,left_only
39,725624934,96.3 MEDAN FM,963MedanFM,"Medan, Indonesia",1378943708909867009,"Kementerian Kesehatan mencatat 8.629.182 penduduk Indonesia telah mendapatkan vaksinasi COVID-19 dosis pertama.

https://t.co/8TKBEiNv9m

Sumber: https://t.co/jVFNuaAJdV
#medanfmnews #medanfmmakinhits
#covid_19 #covidvaccine #covid https://t.co/nKbZ4jrsM3",2021-04-05 05:32:54,left_only
40,862301783120502784,ProKabar.com,prokabar,Indonesia,1378885020970971138,"Sudah 8,5 Juta Masyarakat Indonesia Menerima #vaksin. Kunjungi https://t.co/J45T4usJna . #corona #covid #hdp https://t.co/6Js7hyXYTn",2021-04-05 01:39:42,left_only
41,1366400664960573441,holopiscom,holopiscom,"Jakarta Capital Region, Indone",1378721746090528774,"UPDATE Kasus COVID-19 di Indonesia Minggu 4 Maret https://t.co/ucNudcrzDB via @holopiscom @BNPB_Indonesia @KemenkesRI 

#UpdateCovid #COVID19 #COVID #holopiscom",2021-04-04 14:50:54,left_only
42,4219447586,Alhijaz Indowisata üáÆüá©#üíØ% Folback,Hadi_VIP99,"Bekasi, Jawa Barat",1378685051072704522,"Salam santun @BNPB_Indonesia @aw3126 @KawalCOVID19

Daerah Sebaran Kasus Positif CoViD-19 Indonesia

Per tgl 04 Apr 2021, pukul 12.00WIB

34 Propinsi telah terdampak penyebaran Virus CoViD-19

#coronavirus #covid-19 #coronavirusindonesia #coronaindonesia #wabahcorona #covid19 https://t.co/34mymyOki4",2021-04-04 12:25:05,left_only
43,58880688,Pikiran Rakyat,pikiran_rakyat,"Bandung, Jawa Barat",1378650457720057858,"BREAKING NEWS: Update Kasus Corona di Indonesia per 4 Maret 2021, +9.663 Orang Sembuh
#updatecorona #coronaindonesia #updatecovid #corona #COVID 
https://t.co/nWLOMTZoWl",2021-04-04 10:07:37,left_only
44,3231776798,Berita Covid,beritacovid,,1378615449013784576,#Indonesia berharap China tetap komitmen kirim vaksin Covid-19 sesuai jadwal - https://t.co/GdSupozWft #Covid #Covid19 https://t.co/ULl1Thml58,2021-04-04 07:48:31,left_only
45,1366400664960573441,holopiscom,holopiscom,"Jakarta Capital Region, Indone",1378359836539117570,"UPDATE Kasus COVID-19 di Indonesia Sabtu 3 April 2021 https://t.co/u3QGmCCkRh via @holopiscom @BNPB_Indonesia @KemenkesRI 

#updatecovid #COVID #holopiscom",2021-04-03 14:52:48,left_only
46,984984713411489792,Mytipsntrips.com,mytipsntrips,Singapore,1378330080816992259,"#Perdana #Menteri #Lee meminta warga #Singapura untuk bersatu dan melawan #virus #COVID-19, tetapi #seseorang di #negara tetangga kita bersatu untuk #mempermalukan negara mereka.
https://t.co/ApI4yRhCF9

#Singapura #Malaysia #Indonesia #Batam #Medan #Siantar #batak #sinaga https://t.co/PUklAS5A7c",2021-04-03 12:54:34,left_only
47,1140149543939346432,DJKASINO8,djkasino8,"Jakarta Pusat, DKI Jakarta",1378313997519183872,"Cristiano Ronaldo mendapatkan banyak kritikan setelah gagal membawa Juventus melangkah lebih jauh di ajang Liga Champions 

#ligachampions #quotesbola #ligaspanyol #ligainggris #football #indonesia #jakarta #like #bali #bandung #instagram #viral #surabaya #lfl #dirumahaja #covid https://t.co/0QwR4PdQIR",2021-04-03 11:50:39,left_only
48,4219447586,Alhijaz Indowisata üáÆüá©#üíØ% Folback,Hadi_VIP99,"Bekasi, Jawa Barat",1378309664480272387,"Salam santun @BNPB_Indonesia @aw3126 @KawalCOVID19

Daerah Sebaran Kasus Positif CoViD-19 Indonesia

Per tgl 03 Apr 2021, pukul 12.00WIB

34 Propinsi telah terdampak penyebaran Virus CoViD-19

#coronavirus #covid-19 #coronavirusindonesia #coronaindonesia #wabahcorona #covid19 https://t.co/0IG5EGHTc4",2021-04-03 11:33:26,left_only
49,1359318273272156160,Kadrunsangar,kadrunsangar,,1378215868669206532,"Penggunaan vaksin untuk menghadapi oandemi covid sangat tepat demi pemulihan kesehatan Nasional dan roda ekonomi. 

#vaksin #vaksinasiinternasional  #coronaindonesia #coronatime #coronaupdate #coviÃád19 #covid #indotravellers #indomusikgram #Indonesia https://t.co/fn0dlH0hEY",2021-04-03 05:20:43,left_only
50,712276389286686721,Rakyat Merdeka,RakyatMerdeka99,"Graha Pena, Kebayoran Lama 12",1378151513516732418,"Top News Koran Rakyat Merdeka

Stok Di Daerah Menipis
Doni Pernah ‚ÄúRampok‚Äù Reagen Punya Jerman

@BNPB_Indonesia #reagen #jerman #GovernmentAction #SatgasCovid19 #Corona #coronavirus #COVID19 #COVID„Éº19 #COVID__19 #Covid_19 #COVID #RakyatMerdeka #RMid

https://t.co/zuMI0M2k2p",2021-04-03 01:05:00,both
51,712276389286686721,Rakyat Merdeka,RakyatMerdeka99,"Graha Pena, Kebayoran Lama 12",1378147738391441410,"Ketika Lansia Berani Vaksin, Tanda Indonesia Akan Sehat Lagi

#vaksin #Vaksinasi #VaksinasiNasional #Nasional #Corona #coronavirus #COVID19 #COVID„Éº19 #COVID__19 #Covid_19 #COVID #RakyatMerdeka #RMid

https://t.co/h5cyZHp7Am",2021-04-03 00:50:00,both
52,4219447586,Alhijaz Indowisata üáÆüá©#üíØ% Folback,Hadi_VIP99,"Bekasi, Jawa Barat",1377951234087247876,"Salam santun @BNPB_Indonesia @aw3126 @KawalCOVID19

Daerah Sebaran Kasus Positif CoViD-19 Indonesia

Per tgl 02 Apr 2021, pukul 12.00WIB

34 Propinsi telah terdampak penyebaran Virus CoViD-19

#coronavirus #covid-19 #coronavirusindonesia #coronaindonesia #wabahcorona #covid19 https://t.co/ZUlQo8nfS6",2021-04-02 11:49:09,left_only
53,87901624,JakTvOfficial,JaktvCom,"Jakarta, Indonesia",1377936608494673924,"Sobat Jak, semoga kita semua bisa segera mendapatkan giliran untuk vaksinasi Covid-19. Tapi ingat, sebelum atau sesudah vaksinasi, jangan abaikan protokol kesehatan yaa! 

#vaksin #vaksincovid19 #vaksinasi #covid  #kesehatan #health #jaktv #optimis #jakarta #indonesia https://t.co/d9Ki5jbzQm",2021-04-02 10:51:02,left_only
54,3231776798,Berita Covid,beritacovid,,1377890754673139713,#Istiqlal Pantau Kondisi Covid-19 untuk Buka di Bulan Ramadan - CNN Indonesia #Covid #Covid19 https://t.co/NSfrv7xIIu,2021-04-02 07:48:50,left_only
55,3231776798,Berita Covid,beritacovid,,1377890711849291777,"#Hasil Swab Negatif Covid-19, Febriana/Amallia Segera Pulang Ke Indonesia - Bolalob #Covid #Covid19 https://t.co/SIv9ay1Ac6",2021-04-02 07:48:40,left_only
56,4219447586,Alhijaz Indowisata üáÆüá©#üíØ% Folback,Hadi_VIP99,"Bekasi, Jawa Barat",1377603750332747778,"Salam santun @BNPB_Indonesia @aw3126 @KawalCOVID19

Daerah Sebaran Kasus Positif CoViD-19 Indonesia

Per tgl 01 Apr 2021, pukul 12.00WIB

34 Propinsi telah terdampak penyebaran Virus CoViD-19

#coronavirus #covid-19 #coronavirusindonesia #coronaindonesia #wabahcorona #covid19 https://t.co/iiwhCapsn8",2021-04-01 12:48:23,left_only
57,1140149543939346432,DJKASINO8,djkasino8,"Jakarta Pusat, DKI Jakarta",1377598607696654337,"Mendatangkan Donny van de Beek usai performa ajaibnya bersama Ajax Amsterdam di Liga Champions 

#ligachampions #quotesbola #ligaspanyol #ligainggris #football #indonesia #jakarta #like #bali #bandung #instagram #viral #surabaya #lfl #dirumahaja #covid #likeforlikes #follow https://t.co/9TGWXnyE1t",2021-04-01 12:27:57,left_only
58,1368531968472743939,sofyan,keepstron9,"Kota Bandung, Jawa Barat",1380436413951320064,"Terkait Ditemukannya Varian Baru Covid-19 E484K, Satgas Minta Warga Tak Panik https://t.co/R42HBZiPp2 via @Poskota 

#POSTMEDIA #Karawang #Terkait #Ditemukannya #Varian #Baru #Covid-#19 #E484K, #Satgas #Minta #Warga #Tak #Panik",2021-04-09 08:24:23,right_only
59,3231776798,Berita Covid,beritacovid,,1380427381639417857,#Medika Plaza Tawarkan Layanan Medical Check Up Untuk Screening Covid-19 - https://t.co/XFEnbIAvws #Covid #Covid19 https://t.co/8GRBf6DEqt,2021-04-09 07:48:29,right_only
60,3231776798,Berita Covid,beritacovid,,1380427374060314629,"#Pasokan kurang, negara-negara di dunia berebut vaksin melawan Covid-19 - Internasional Kontan #Covid #Covid19 https://t.co/dYYiKNIgVo",2021-04-09 07:48:27,right_only
61,3231776798,Berita Covid,beritacovid,,1380427357417316352,#Mengawal Transparansi Penyediaan Informasi Vaksinasi COVID-19 - VIVA - https://t.co/WKyTQxWQ3J #Covid #Covid19 https://t.co/WJA4tN8Dup,2021-04-09 07:48:23,right_only
62,3231776798,Berita Covid,beritacovid,,1380427356008034304,#Tokopedia Luncurkan Produk Baru Proteksi Covid-19 Bantu Penanganan Pandemi - Kontan #Covid #Covid19 https://t.co/bEWVOJ9o8G,2021-04-09 07:48:23,right_only
63,3231776798,Berita Covid,beritacovid,,1380427350446342144,"#Persiapan Sekolah Tatap Muka, 10.000 Lebih Guru di Tangerang Sudah Divaksin Covid - iNews #Covid #Covid19 https://t.co/pn5E5YV4WW",2021-04-09 07:48:22,right_only
64,3231776798,Berita Covid,beritacovid,,1380427347510366208,#Cara Bersepeda yang Aman Selama Pandemi Covid-19 - Medcom ID #Covid #Covid19 https://t.co/hiB9qB9sCt,2021-04-09 07:48:21,right_only
65,3231776798,Berita Covid,beritacovid,,1380427342049333248,#DMI Luncurkan Program Masjid Jadi Sentra Vaksin Covid-19 - Republika Online #Covid #Covid19 https://t.co/3OiEUVSEaG,2021-04-09 07:48:20,right_only
66,3231776798,Berita Covid,beritacovid,,1380427332536651778,#TOK! Pemkot Tangerang Tetap Vaksinasi COVID-19 Selama Ramadan - https://t.co/5P41AGW4EA #Covid #Covid19 https://t.co/rjDx5XS9qF,2021-04-09 07:48:17,right_only
67,3231776798,Berita Covid,beritacovid,,1380427321073614851,"#Geger Teroris Jakarta Dapat Bansos COVID-19, Masih Punya Jatah 2 Bulan - https://t.co/5P41AGW4EA #Covid #Covid19 https://t.co/XvhGgEeftW",2021-04-09 07:48:15,right_only
68,3231776798,Berita Covid,beritacovid,,1380427315268759555,"#Vaksin COVID-19 Bikin Penis Tidak Bisa 'Berdiri', Ini Faktanya - VIVA - https://t.co/WKyTQxWQ3J #Covid #Covid19 https://t.co/z0BE9ExamH",2021-04-09 07:48:13,right_only
69,712276389286686721,Rakyat Merdeka,RakyatMerdeka99,"Graha Pena, Kebayoran Lama 12",1380404534346883072,"Kemenag: Panduan Ibadah Ramadhan 2021 Tak Berlaku Di Zona Oranye Dan Merah

@Kemenag_RI #puasa #Ramadan #Ramadan2021 #GovernmentAction 
#Corona #coronavirus #COVID19 #COVID„Éº19 #COVID__19 #Covid_19 #COVID #RakyatMerdeka #RMid 

https://t.co/ZcaFoH48WE",2021-04-09 06:17:42,right_only
70,712276389286686721,Rakyat Merdeka,RakyatMerdeka99,"Graha Pena, Kebayoran Lama 12",1380403239237996545,"Menag: Yang Belum Divaksin Covid, Nggak Bisa Umroh

@Kemenag_RI @YaqutCQoumas #Umroh #Vaksin #vaksinasi #VaksinasiNasional #Corona #coronavirus #COVID19 #COVID„Éº19 #COVID__19 #Covid_19 #COVID #RakyatMerdeka #RMid 

https://t.co/QG6lLSHXxm",2021-04-09 06:12:33,right_only
71,1079671739364167680,LampungPostId,lampungpostid,"Lampung, Indonesia",1380383262682488835,"Perkembangan penyebaran pandemi Covid-19 di Lampung Selatan terus menunjukkan ke arah lebih baik, yaitu dengan menunjukan angka kesembuhan yang tinggi

#COVID19 #coronavirus #COVID #CoronaUpdate #beritaterkini #lampungselatan #pandemi #lampungpostid
https://t.co/nRRJ9PBcA5",2021-04-09 04:53:10,right_only
72,944180887171743745,iNews.id,inewsdotid,"Jakarta, Indonesia",1380372606172295171,"MUI mengeluarkan fatwa terbaru tentang penggunaan alat deteksi Covid-19 selama menjalani ibadah puasa Ramadan.

Baca berita terupdate selengkapnya di https://t.co/iiRkCg4nX2

#MUI #Tes #Swab #Batal #Puasa #Fatwa #PCR #Covid #Covid19 #SwabTest #Corona #Ramadan #Ramadhan https://t.co/Ledgl5NEwr",2021-04-09 04:10:50,right_only
73,1354383835195035650,JUAL SEPATU CASUAL RUNNING & FUTSAL ORIGINAL MURAH,shoeforiastore,,1380359835548409862,"Selalu sedia hand sanitizer kemanapun kita pergi ya supaya ga tertular Covid 19üòÑ
Hand Sanitizer Sanitize+Plus Cair 60, 100, 250, &amp; 500 ml
Harga 22 - 70.9k
‚úÖBPOM
‚úÖhalal
Langsung aja order di siniüëáüèª https://t.co/t3ViM6clov
#COVID #vaksincovid19 #VaksinUntukIndonesia #coronavirus https://t.co/qL0S4Orrz3",2021-04-09 03:20:05,right_only
74,712276389286686721,Rakyat Merdeka,RakyatMerdeka99,"Graha Pena, Kebayoran Lama 12",1380351868094672898,"Tangani Mental Masyarakat Di Tengah Pandemi 
Komisi IX DPR Minta Menteri BGS Sediakan Psikolog Di Puskesmas

@DPR_RI @KemenkesRI @BudiGSadikin #Sosiolog #Puskesmas #Corona #coronavirus #COVID19 #COVID„Éº19 #COVID__19 #Covid_19 #COVID #RakyatMerdeka #RMid 

https://t.co/SF2i4UTEdc",2021-04-09 02:48:25,right_only
75,712276389286686721,Rakyat Merdeka,RakyatMerdeka99,"Graha Pena, Kebayoran Lama 12",1380339682731511810,"Top News Koran Rakyat Merdeka

Soal Larangan Mudik
Pak Jokowi, Puan Nanduk Tuh

@PDI_Perjuangan @jokowi @DPR_RI #PDIPerjuangan #Jokowi #mudik #mudiklebaran #MudikLebaran2021 #Lebaran2021 #lebaran #wisata #Corona #coronavirus #COVID #RakyatMerdeka #RMid 

https://t.co/Y3iDgDLCPk",2021-04-09 02:00:00,right_only
76,43856742,BERNAMA Radioüá≤üáæ,bernamaradio,Kuala Lumpur,1380331065064099840,"#ICYMI Malaysia usul pengiktirafan Sijil Vaksinasi #COVID-19 Timbal Balik dalam kalangan D-8 

https://t.co/E1dYMVaQyi https://t.co/LIRIEMnkPX",2021-04-09 01:25:45,right_only
77,712276389286686721,Rakyat Merdeka,RakyatMerdeka99,"Graha Pena, Kebayoran Lama 12",1380327098800238592,"Cegah Mudik Saat Pandemi
Layanan Transportasi Bakal Dilarang Beroperasi 12 Hari

#mudik #mudiklebaran #MudikLebaran2021 #Transportasi #Nasional #Corona #coronavirus #COVID19 #COVID„Éº19 #COVID__19 #Covid_19 #COVID #RakyatMerdeka #RMid

https://t.co/WItCeZo4Gn",2021-04-09 01:10:00,right_only
78,43856742,BERNAMA Radioüá≤üáæ,bernamaradio,Kuala Lumpur,1380325799178293251,"#ICYMI #COVID: 1,285 kes baharu, empat kematian - KP Kesihatan 

https://t.co/aZFuxH1ASW https://t.co/SR0R2OZknY",2021-04-09 01:04:50,right_only
79,712276389286686721,Rakyat Merdeka,RakyatMerdeka99,"Graha Pena, Kebayoran Lama 12",1380324586571538433,"Shalat Tarawih Dibolehkan
Pengurus Masjid Wajib Pastikan Jemaah Taat Prokes

#masjid #Tarawih #protokolkesehatan #Nasional #Corona #coronavirus #COVID19 #COVID„Éº19 #COVID__19 #Covid_19 #COVID #RakyatMerdeka #RMid

https://t.co/Y7FCtQjVAn",2021-04-09 01:00:01,right_only
80,1271264284689838081,Ki,infoberita23,"Bogor, Jawa Barat",1380315505823678465,"Cek penerimanya, dan lihat cara dan syarat daftar blt umkm 1.2jt.

#umkm #BLT #Telegram
#DemiAsingLupaRakyat #COVID19
#COVID
https://t.co/eAQqXobdRo",2021-04-09 00:23:56,right_only
81,712276389286686721,Rakyat Merdeka,RakyatMerdeka99,"Graha Pena, Kebayoran Lama 12",1380314515787628551,"Top News Koran Rakyat Merdeka

Diumumkan Partai Komunis
China Pecat Pejabat Nggak Becus Kendalikan Covid-19

#china #virus #komunis #yunnan #Internasional #Corona #coronavirus #COVID19 #COVID„Éº19 #COVID__19 #Covid_19 #COVID #RakyatMerdeka #RMid

https://t.co/DTpC7Lt3nJ",2021-04-09 00:20:00,right_only
82,712276389286686721,Rakyat Merdeka,RakyatMerdeka99,"Graha Pena, Kebayoran Lama 12",1380313257483792387,"Top News Koran Rakyat Merdeka

Siang Boleh Disuntik, Apalagi Malam Hari
Vaksinasi Tak Batalkan Puasa, Kecuali Sambil Gigit Odading...

#Vaksin #vaksinasi #VaksinasiNasional #Nasional #Corona #coronavirus #COVID19 #Covid_19 #COVID #RakyatMerdeka #RMid

https://t.co/mNfYp3hQiM",2021-04-09 00:15:00,right_only
83,712276389286686721,Rakyat Merdeka,RakyatMerdeka99,"Graha Pena, Kebayoran Lama 12",1380311999234502665,"Top News Koran Rakyat Merdeka

Gegara Embargo Vaksin Covid-19
Vaksinasi Telat Dua Bulan, Pembukaan Wisata Molor

@kemenkomarves #luhut #vaksin #vaksinasi #wisata #GovernmentAction #Corona #coronavirus #COVID19 #Covid_19 #COVID #RakyatMerdeka #RMid

https://t.co/ZWkOonQUhS",2021-04-09 00:10:00,right_only
84,712276389286686721,Rakyat Merdeka,RakyatMerdeka99,"Graha Pena, Kebayoran Lama 12",1380310741178277897,"Top News Koran Rakyat Merdeka

40 Persen Pendapatannya Terjun Bebas
Dompet Pekerja Di Bali Tipis Selama Pandemi

#Bali #Pendapatannya #pekerja #wisata #pariwisata
#EkonomiBisnis #Corona #coronavirus #COVID19 #Covid_19 #COVID #RakyatMerdeka #RMid

https://t.co/HWynokeayJ",2021-04-09 00:05:00,right_only
85,1040449533631651840,Mata Milenial Indonesia,matamilenialID,"Jakarta, Indonesia",1380211336177709056,"Vaksinasi Covid19 Lansia Terhambat Karena Takut Berlebihan

Baca selengkapnya di sini
https://t.co/aGFK2YETkb

#Covid #News #Lansia #LanjutUsia",2021-04-08 17:30:00,right_only
86,2376472662,Diskominfo Kaltim,kominfokaltim,Basuki rahmat no 41 Samarinda,1380147640462020608,"Update Kasus #COVID-19 di #Kaltim per tanggal 8 April 2021

Website :
https://t.co/xLzzDSilau
https://t.co/fcwmbIzrLq

Facebook &amp; youtube:
Dinkes Provinsi Kalimantan Timur

#dinkesprovkaltim
#LawanCovid19 
#covid19kaltim
#Sobatkom
#Diskominfokaltim https://t.co/Rs2QpUHPOd",2021-04-08 13:16:54,right_only
87,89877164,fajar online,fajaronline,"Jakarta, Indonesia",1380093260031397893,Apindo Sebut Sepertiga dari 600 Pengusaha Bangkrut akibat Covid-19 https://t.co/iPzwe1ff23 #Apindo #Bangkrut #covid-19 #pengusaha,2021-04-08 09:40:48,right_only
88,89877164,fajar online,fajaronline,"Jakarta, Indonesia",1380081307363893252,"Tolak Lockdown saat Inveksi Covid-19 Meroket, Presiden Dituding Lakukan Genosida https://t.co/U5pjhz3VWP #covid-19 #genosida #JairBolsonaro #PresidenBrasil",2021-04-08 08:53:19,right_only
89,3231776798,Berita Covid,beritacovid,,1380065068126236672,#Jokowi: Dukungan ulama sangat penting dalam mengatasi pandemi Covid-19 - Kontan #Covid #Covid19 https://t.co/vBzqjQum5f,2021-04-08 07:48:47,right_only
90,3231776798,Berita Covid,beritacovid,,1380065063827030017,"#PLN Pasok Daya 1,2 Juta VA untuk Program Vaksinasi Covid-19 di Istora Senayan - https://t.co/XFEnbIAvws #Covid #Covid19 https://t.co/RKqGlHpUfe",2021-04-08 07:48:46,right_only
91,3231776798,Berita Covid,beritacovid,,1380065061830602753,#18.000 Vial Vaksin Covid untuk Sulsel Tiba di Makassar - iNews #Covid #Covid19 https://t.co/MvZy9bqlH6,2021-04-08 07:48:45,right_only
92,3231776798,Berita Covid,beritacovid,,1380065055023194114,#Menkes Ungkap Ketidakpastian Pasokan 100 Juta Vaksin Covid - Republika Online #Covid #Covid19 https://t.co/rCTZneyh9I,2021-04-08 07:48:44,right_only
93,3231776798,Berita Covid,beritacovid,,1380065050858299392,#Tempat Vaksinasi Covid-19 di Ubud Gianyar Dihias Janur agar Warga Antusias Divaksin - iNews #Covid #Covid19 https://t.co/oECrYDCoZX,2021-04-08 07:48:43,right_only
94,3231776798,Berita Covid,beritacovid,,1380065047318302720,#Kasus Covid 19 Korsel Melonjak Terapkan Aturan Jarak Sosial Baru - https://t.co/6C7ozUmJye #Covid #Covid19 https://t.co/XxD3QWzp9Q,2021-04-08 07:48:42,right_only
95,3231776798,Berita Covid,beritacovid,,1380065033233833985,#Tinggal 40 Pasien Covid-19 Dirawat di RS Lapangan Surabaya - Republika Online #Covid #Covid19 https://t.co/cyZWTlRM5A,2021-04-08 07:48:38,right_only
96,3231776798,Berita Covid,beritacovid,,1380065028838154240,"#Rapor Buruk Cegah Covid-19, Pejabat Tinggi Partai Komunis China Dipecat - https://t.co/XFEnbIAvws #Covid #Covid19 https://t.co/t8jzdd11FF",2021-04-08 07:48:37,right_only
97,3231776798,Berita Covid,beritacovid,,1380065016343375872,#Empat Napi Lansia di Semarang Divaksin Covid-19 - https://t.co/xL1sNvrkP5 #Covid #Covid19 https://t.co/M21ZnCO6H6,2021-04-08 07:48:34,right_only
98,712276389286686721,Rakyat Merdeka,RakyatMerdeka99,"Graha Pena, Kebayoran Lama 12",1380062665200918529,"Hore, Mulai Besok, Tarif Rapid Test Antigen Di Stasiun Turun Jadi Rp 85 Ribu

@KAI121 @keretaapikita #antigen #Stasiun #Kereta #Corona #coronavirus #COVID19 #COVID„Éº19 #COVID__19 #Covid_19 #COVID #RakyatMerdeka #RMid 

https://t.co/5ZafhFM5FK",2021-04-08 07:39:14,right_only
99,712276389286686721,Rakyat Merdeka,RakyatMerdeka99,"Graha Pena, Kebayoran Lama 12",1380050856393895936,"Nyaris 100 Persen, Warga Lansia Di Jakarta Pusat Yang Sudah Divaksin Covid

#Vaksin #VaksinasiNasional #Vaksinasi #Jakarta #Megapolitan #Corona #coronavirus #COVID19 #COVID„Éº19 #COVID__19 #Covid_19 #COVID #RakyatMerdeka #RMid 

https://t.co/8oiBzHlSsK",2021-04-08 06:52:18,right_only
100,712276389286686721,Rakyat Merdeka,RakyatMerdeka99,"Graha Pena, Kebayoran Lama 12",1380047492394352641,"Dukung Pembangunan 5 DPSP, Basuki Kucurkan Dana Rp 4,01 Triliun

@KemenPU #Wisata #Pariwisata #GovernmentAction #Corona #coronavirus #COVID19 #COVID„Éº19 #COVID__19 #Covid_19 #COVID #RakyatMerdeka #RMid 

https://t.co/PXjZckiXj2",2021-04-08 06:38:56,right_only
101,1341394317634662400,readers.ID,readers_id,Indonesia,1379981520962654209,"Lhokseumawe dan Pidie Jaya Masuk Zona Kuning Covid-19
 #Covid-19 #petazonasi #...
https://t.co/QZAYhy2Cbs",2021-04-08 02:16:48,right_only
102,712276389286686721,Rakyat Merdeka,RakyatMerdeka99,"Graha Pena, Kebayoran Lama 12",1379973518796992514,"Kasus Virus Corona Turun Tapi Hoaks Masih Tinggi

#Hoaks #Nasional #Corona #coronavirus #COVID19 #COVID„Éº19 #COVID__19 #Covid_19 #COVID #RakyatMerdeka #RMid

https://t.co/DdxdzJZhte",2021-04-08 01:45:00,right_only
103,712276389286686721,Rakyat Merdeka,RakyatMerdeka99,"Graha Pena, Kebayoran Lama 12",1379972260631470082,"Covid-19 Melandai
Airlangga Ingatkan Lagi Perusahaan Swasta Bayar THR

@airlangga_hrt #Perusahaan #THR #ppkm #Nasional #Corona #coronavirus #COVID19 #COVID„Éº19 #COVID__19 #Covid_19 #COVID #RakyatMerdeka #RMid

https://t.co/JbeS0OB2JR",2021-04-08 01:40:00,right_only
104,712276389286686721,Rakyat Merdeka,RakyatMerdeka99,"Graha Pena, Kebayoran Lama 12",1379967982483337216,"Larangan Mudik Lebaran
ASN Yang Nekat Terancam Dipecat

#ASN #mudik #mudik2021 #MudikLebaran2021 #lebaran #Nasional #Corona #coronavirus #COVID19 #COVID„Éº19 #COVID__19 #Covid_19 #COVID #RakyatMerdeka #RMid

https://t.co/LkFMPZMPRP",2021-04-08 01:23:00,right_only
105,712276389286686721,Rakyat Merdeka,RakyatMerdeka99,"Graha Pena, Kebayoran Lama 12",1379964207597187073,"Top News Koran Rakyat Merdeka

Halal Haram Jangan Diributin Lagi Nih, Pengurus MUI Sudah Divaksin Pake AstraZeneca

@Kiyai_MarufAmin #Vaksin #MUI #Vaksinasi #VaksinasiNasional #Corona #coronavirus #COVID19 #Covid_19 #COVID #RakyatMerdeka #RMid 

https://t.co/E0VmFHcbyA",2021-04-08 01:08:00,right_only
106,712276389286686721,Rakyat Merdeka,RakyatMerdeka99,"Graha Pena, Kebayoran Lama 12",1379962197531447304,"Kerja Sama Atasi Pandemi Corona
Menkes BGS Dan Menlu Inggris Sehati

@KemenkesRI @BudiGSadikin #inggris #Nasional #Corona #coronavirus #COVID19 #COVID„Éº19 #COVID__19 #Covid_19 #COVID #RakyatMerdeka #RMid 

https://t.co/BZQgrzAhWW",2021-04-08 01:00:01,right_only
107,712276389286686721,Rakyat Merdeka,RakyatMerdeka99,"Graha Pena, Kebayoran Lama 12",1379960935935315970,"Jangan Ngaku Paling NKRI Deh Kalau Masih Lepas Masker Di Tempat Umum

#masker #maskerkumelindungimu #pakaimasker #Nasional #Corona #coronavirus #COVID19 #COVID„Éº19 #COVID__19 #Covid_19 #COVID #RakyatMerdeka #RMid

https://t.co/ggCb0YQ123",2021-04-08 00:55:00,right_only
108,712276389286686721,Rakyat Merdeka,RakyatMerdeka99,"Graha Pena, Kebayoran Lama 12",1379949611339632641,"Top News Koran Rakyat Merdeka

Uji Coba Sekolah Tatap Muka Di Jakarta Dimulai
Ada Yang Dukung, Ada Juga Yang Khawatir Kena Corona

#sekolah #Pendidikan #Jakarta #belajartatapmuka
#Nasional #Corona #coronavirus #Covid_19 #COVID #RakyatMerdeka #RMid

https://t.co/4IoNCXaWrh",2021-04-08 00:10:00,right_only
109,1378445618255785985,Smiga,Smigaindia,,1379878553257451520,"Mangal Pandey Punyatithi

https://t.co/LbtA3NPVAZ
.‚†Ä
#finance #business #money #investing #investment #entrepreneur #financialfreedom #wealth #success #stocks #trading #stockmarket #motivation #forex #realestate #investor #accounting #cryptocurrency #covid #wallstreet https://t.co/H0IaxRk7ze",2021-04-07 19:27:38,right_only
110,89877164,fajar online,fajaronline,"Jakarta, Indonesia",1379810460141154310,Kanselir Jerman Dukung Penguncian Covid-19 Lebih Ketat https://t.co/kkRS8ZVc96 #AngelaMerkel #covid-19 #KanselirJerman,2021-04-07 14:57:03,right_only
111,89877164,fajar online,fajaronline,"Jakarta, Indonesia",1379775321801584643,"Baru 5 Hari Divaksin, Anggota Brimob Polda Maluku Meninggal karena Covid-19 https://t.co/Q2gJpdvYd1 #covid-19 #Divaksin",2021-04-07 12:37:26,right_only
112,2376472662,Diskominfo Kaltim,kominfokaltim,Basuki rahmat no 41 Samarinda,1379769913724690439,"Update Kasus #COVID-19 di #Kaltim per tanggal 7 April 2021

Website :
https://t.co/xLzzDSilau
https://t.co/fcwmbIzrLq

Facebook &amp; youtube:
Dinkes Provinsi Kalimantan Timur

#dinkesprovkaltim
#LawanCovid19 
#covid19kaltim
#Sobatkom
#Diskominfokaltim https://t.co/OIlS4SQ2Pt",2021-04-07 12:15:56,right_only
113,3231776798,Berita Covid,beritacovid,,1379702735126290433,#Sudah mendapat vaksin Covid-19? Jangan lakukan hal ini - Kontan #Covid #Covid19 https://t.co/P5sXeSDjKn,2021-04-07 07:49:00,right_only
114,3231776798,Berita Covid,beritacovid,,1379702730869071877,#Apa Saja Gejala Baru Corona COVID-19 yang Perlu Diwaspadai? - https://t.co/KHYqKvSgD7 #Covid #Covid19 https://t.co/197n7YuLi6,2021-04-07 07:48:59,right_only
115,3231776798,Berita Covid,beritacovid,,1379702710010851333,#Dokter UEA Sarankan Pasien Covid Bergejala Parah tidak Puasa - Republika Online #Covid #Covid19 https://t.co/sBKhpsb7rL,2021-04-07 07:48:54,right_only
116,3231776798,Berita Covid,beritacovid,,1379702702628864002,#Dokter UEA Sarankan Pasien Covid-19 tidak Puasa Ramadhan - Republika Online #Covid #Covid19 https://t.co/zg3sEDtxkA,2021-04-07 07:48:52,right_only
117,3231776798,Berita Covid,beritacovid,,1379702695007817728,"#Pekan Ini, 746 Pedagang Pasar di Bandarlampung Akan Disuntik Vaksin Covid - iNews #Covid #Covid19 https://t.co/Epqre4U4N3",2021-04-07 07:48:50,right_only
118,3231776798,Berita Covid,beritacovid,,1379702677479768064,#1.007 Guru di Solok Selatan Sudah Disuntik Vaksin COVID-19 - VIVA - https://t.co/WKyTQxWQ3J #Covid #Covid19 https://t.co/FFIdihwhJy,2021-04-07 07:48:46,right_only
119,3231776798,Berita Covid,beritacovid,,1379702673394577408,"#Didukung Grab, Vaksinasi COVID-19 Bagi Pekerja Publik di Atrium Mal Phipo Makassar Berakhir Besok - Makassar Terkini #Covid #Covid19 https://t.co/6pVzArMx3b",2021-04-07 07:48:45,right_only
120,89877164,fajar online,fajaronline,"Jakarta, Indonesia",1379673674526060545,Warga Singapura Bakal Punya Paspor Digital Bebas Covid-19 https://t.co/berZPoOEPB #bebas #covid-19 #digital #PunyaPaspor,2021-04-07 05:53:31,right_only
121,712276389286686721,Rakyat Merdeka,RakyatMerdeka99,"Graha Pena, Kebayoran Lama 12",1379670738530050051,"Disebut Tak Layani Vaksinasi Untuk Non Islam, Muhamamdiyah: Tidak Benar!

@muhammadiyah #Muhammadiyah
#Vaksin #vaksinasi #VaksinasiNasional #Corona #coronavirus #COVID19 #COVID„Éº19 #COVID__19 #Covid_19 #COVID #RakyatMerdeka #RMid 

https://t.co/hilzAnviID",2021-04-07 05:41:51,right_only
122,712276389286686721,Rakyat Merdeka,RakyatMerdeka99,"Graha Pena, Kebayoran Lama 12",1379669768307757062,"Dukung Pemerintah Lawan Pandemi, Rektor Hingga Praja IPDN Disuntik Vaksin Covid-19

@humas_ipdn #Vaksin #vaksinasi #VaksinasiNasional
#Corona #coronavirus #COVID19 #COVID„Éº19 #COVID__19 #Covid_19 #COVID #RakyatMerdeka #RMid 

https://t.co/UMXF8nzEfK",2021-04-07 05:38:00,right_only
123,712276389286686721,Rakyat Merdeka,RakyatMerdeka99,"Graha Pena, Kebayoran Lama 12",1379637992776560641,"Wapres: Jangan Lagi Ngomongin Halal Haram, Vaksinasi Covid Wajib Sebelum Tercapai Herd Immunity

@Kiyai_MarufAmin @wapres_ri #Vaksin #vaksinasi #VaksinasiNasional #Corona #coronavirus #COVID19 #COVID„Éº19 #COVID__19 #Covid_19 #COVID #RakyatMerdeka #RMid 

https://t.co/NKdJPPs30E",2021-04-07 03:31:44,right_only
124,712276389286686721,Rakyat Merdeka,RakyatMerdeka99,"Graha Pena, Kebayoran Lama 12",1379636580478935040,"Mantap, Industri Ekonomi Kreatif Sumbang Rp 1.100 Triliun Untuk Negara

@sandiuno @Kemenparekraf #Industri #EkonomiKreatif #eSports
#EkonomiBisnis #Corona #coronavirus #COVID19 #COVID„Éº19 #COVID__19 #Covid_19 #COVID #RakyatMerdeka #RMid 

https://t.co/ubpFM1e4jM",2021-04-07 03:26:07,right_only
125,712276389286686721,Rakyat Merdeka,RakyatMerdeka99,"Graha Pena, Kebayoran Lama 12",1379601064987553797,"Pilih Masker Yang Penuhi Standar Kesehatan, Tak Usah Gaya-gayaan

#masker #MaskerHerbal #Nasional #Corona #coronavirus #COVID19 #COVID„Éº19 #COVID__19 #Covid_19 #COVID #RakyatMerdeka #RMid

https://t.co/jy8jqrIVO6",2021-04-07 01:05:00,right_only
126,712276389286686721,Rakyat Merdeka,RakyatMerdeka99,"Graha Pena, Kebayoran Lama 12",1379599810001465344,"Masyarakat Harus Selalu Waspada
Menkes Pastikan Vaksin Yang Digunakan Efektif Lawan Mutasi Covid-19

@KemenkesRI @BudiGSadikin #Vaksin #Vaksinasi #VaksinAstraZeneca #AstraZeneca #Nasional #Corona #coronavirus #COVID19 #COVID #RakyatMerdeka #RMid

https://t.co/L0FP5O8tph",2021-04-07 01:00:01,right_only
127,712276389286686721,Rakyat Merdeka,RakyatMerdeka99,"Graha Pena, Kebayoran Lama 12",1379587223541018626,"Top News Koran Rakyat Merdeka

Varian E484K Ditemukan Di Jakarta
Tetap Tenang, Itu Lebih Baik Gampang Parno, Tak Baik

#SatgasCovid19 #Nasional #Corona #coronavirus #COVID19 #COVID„Éº19 #COVID__19 #Covid_19 #COVID #RakyatMerdeka #RMid

https://t.co/0FemCbogpt",2021-04-07 00:10:00,right_only
128,712276389286686721,Rakyat Merdeka,RakyatMerdeka99,"Graha Pena, Kebayoran Lama 12",1379585965472161793,"Top News Koran Rakyat Merdeka

170 Negara Alami Kontraksi Ekonomi
Sri Mulyani: Negara Tetangga Dekat Kita Semua Tersungkur

@KemenkeuRI #srimulyani #Kontraksi #Ekonomi #Corona #coronavirus #COVID19 #Covid_19 #COVID  #GovernmentAction #RakyatMerdeka #RMid

https://t.co/TLXH3SlwUU",2021-04-07 00:05:00,right_only
129,2499735536,Jean Lebrun,004nino,"Qu√©bec, Canada",1379453275683102728,"RIP  21 390)  #Penyair   #Indonesian  #artist  #and  #poet #Umbu #Landu #Paranggi   77  #dies  #April 
 6, 2021 #Meninggal #Akibat #COVID -19, Sempat Dirawat di ICU https://t.co/lSkMBArJ3x",2021-04-06 15:17:44,right_only
130,2376472662,Diskominfo Kaltim,kominfokaltim,Basuki rahmat no 41 Samarinda,1379426449350795264,"Update Kasus #COVID-19 di #Kaltim per tanggal 5 April 2021

Website :
https://t.co/xLzzDSilau
https://t.co/fcwmbIzrLq

Facebook &amp; youtube:
Dinkes Provinsi Kalimantan Timur

#dinkesprovkaltim
#LawanCovid19 
#covid19kaltim
#Sobatkom
#Diskominfokaltim https://t.co/lplFebgL53",2021-04-06 13:31:08,right_only
131,357366883,Polis Diraja M'sia,PDRMsia,"Bukit Aman, Kuala Lumpur",1379383984078139392,"#PKPB #PKPP #COVID-19

STATUS TERKINI TASK FORCE OPERASI PEMATUHAN PDRM

Bacaan lanjut di pautan
https://t.co/obgNvgBOCB https://t.co/BLawMXfoHx",2021-04-06 10:42:24,right_only
132,3231776798,Berita Covid,beritacovid,,1379340294164987904,#Wali kota Bekasi Klaim Tren Kasus Covid-19 Terus Turun - Republika Online #Covid #Covid19 https://t.co/MsZosQJK3F,2021-04-06 07:48:47,right_only
133,3231776798,Berita Covid,beritacovid,,1379340268302958593,#400 Calon Jemaah Haji Lansia Asal Bantul Divaksin Covid-19 - iNews #Covid #Covid19 https://t.co/i6X54Y9T7b,2021-04-06 07:48:41,right_only
134,3231776798,Berita Covid,beritacovid,,1379340252687560705,#India Perluas Vaksinasi Saat Lonjakan Kasus Covid-19 - Republika Online #Covid #Covid19 https://t.co/b9ycxDtXem,2021-04-06 07:48:37,right_only
135,3231776798,Berita Covid,beritacovid,,1379340245460746241,"#Kurangi Efek Samping, Konsumsi Makanan Ini Sebelum dan Sesudah Vaksinasi Covid-19 - iNews #Covid #Covid19 https://t.co/XV7BXA5NZu",2021-04-06 07:48:36,right_only
136,1343105607197323264,indowork.id,IndoworkI,DKI Jakarta,1379330413047377922,"Baca selengkapnya di: https://t.co/RPuYmNKZiE

#anies #aniesbaswedan #covid19 #covid #dki #dkijakarta #ppkm #ppkmmikro https://t.co/DuBk8RueGU",2021-04-06 07:09:31,right_only
137,712276389286686721,Rakyat Merdeka,RakyatMerdeka99,"Graha Pena, Kebayoran Lama 12",1379323268801302528,"Takut Ketularan Corona, Korut Absen Olimpiade Tokyo

#Olimpiade #Jepang #tokyo #Korut #Zonasport #Corona #coronavirus #COVID19 #COVID„Éº19 #COVID__19 #Covid_19 #COVID #RakyatMerdeka #RMid 
 https://t.co/w6pqGB1l1E",2021-04-06 06:41:08,right_only
138,712276389286686721,Rakyat Merdeka,RakyatMerdeka99,"Graha Pena, Kebayoran Lama 12",1379298548710207492,"Siap-siap Belajar Tatap Muka 
Gibran Kebut Vaksinasi Buat Guru

@GibranRakabumi #Vaksin #vaksinasi #Pendidikan #sekolah #BelajarTatapMuka #Gibran #Nasional #Corona #coronavirus #COVID19 #COVID„Éº19 #COVID__19 #Covid_19 #COVID #RakyatMerdeka #RMid 

https://t.co/cQ66SdWtvU",2021-04-06 05:02:54,right_only
139,712276389286686721,Rakyat Merdeka,RakyatMerdeka99,"Graha Pena, Kebayoran Lama 12",1379290468450627589,"Gibran: Sekolah Tatap Muka Dibuka Juli, Nggak Boleh Mundur

@GibranRakabumi #Sekolah #pendidikan #BelajarTatapMuka 
#Corona #coronavirus #COVID19 #COVID„Éº19 #COVID__19 #Covid_19 #COVID #RakyatMerdeka #RMid 

https://t.co/c6nvaauq1x",2021-04-06 04:30:48,right_only
140,106669711,BERNAMA,bernamadotcom,"Kuala Lumpur, Malaysia",1379286676627853313,"Sektor hartanah dijangka pulih pada 2021
Berita penuh: https://t.co/cfGdKuQW5r

Real estate expected to recover in 2021
News: https://t.co/y4bXASKEuh

@tzafrul_aziz @MOFmalaysia @KKMPutrajaya #COVID #PENJANA #PRIHATIN

-Infografik/Infographics- https://t.co/recq1HfKlT",2021-04-06 04:15:44,right_only
141,712276389286686721,Rakyat Merdeka,RakyatMerdeka99,"Graha Pena, Kebayoran Lama 12",1379250001335959560,"Tidak Semua KIPI Disebabkan Vaksin

#imunisasi #Vaksin #Vaksinasi #VaksinasiNasional #VaksinCovid19 #LifeStyle #Corona #coronavirus #COVID19 #COVID„Éº19 #COVID__19 #Covid_19 #COVID #RakyatMerdeka #RMid

https://t.co/SxxVlopeJZ",2021-04-06 01:50:00,right_only
142,712276389286686721,Rakyat Merdeka,RakyatMerdeka99,"Graha Pena, Kebayoran Lama 12",1379242451727097856,"Top News Koran Rakyat Merdeka

Corona Turun, Tapi Sri Mul Tak Tenang

@KemenkeuRI #srimulyani #ekonomi #Vaksinasi #Vaksin #E484K #GovernmentAction #Corona #coronavirus #COVID19 #COVID„Éº19 #COVID__19 #Covid_19 #COVID #RakyatMerdeka #RMid

https://t.co/e1z3yOEeYN",2021-04-06 01:20:00,right_only
143,712276389286686721,Rakyat Merdeka,RakyatMerdeka99,"Graha Pena, Kebayoran Lama 12",1379241193444286464,"Kasus Varian Baru Corona E484K Ditemukan Di DKI
Tak Perlu Dikhawatirkan, Tapi Harus Diwaspadai

#Jakarta #CoronaE484K #Nasional #SatgasCovid19 #Corona #coronavirus #COVID19 #COVID„Éº19 #COVID__19 #Covid_19 #COVID #RakyatMerdeka #RMid

https://t.co/5bx0yP6N9T",2021-04-06 01:15:00,right_only
144,712276389286686721,Rakyat Merdeka,RakyatMerdeka99,"Graha Pena, Kebayoran Lama 12",1379237419053051909,"Shalat Tarawih Diizinkan
Jemaah Harus Saling Kenal

#puasa #Ramadan #Ramadan2021 #tarawih #Nasional #Corona #coronavirus #COVID19 #COVID„Éº19 #COVID__19 #Covid_19 #COVID #RakyatMerdeka #RMid

https://t.co/6HNndSidpG",2021-04-06 01:00:00,right_only
145,712276389286686721,Rakyat Merdeka,RakyatMerdeka99,"Graha Pena, Kebayoran Lama 12",1379236160283758594,"Berdayakan Perangkat Desa, Bantu Lansia Daftar Vaksinasi

#Vaksinasi #Vaksin #VaksinasiNasional #VaksinCovid19
#Nasional #Corona #coronavirus #COVID19 #COVID„Éº19 #COVID__19 #Covid_19 #COVID #RakyatMerdeka #RMid

https://t.co/QaB29Tj8vC",2021-04-06 00:55:00,right_only
146,712276389286686721,Rakyat Merdeka,RakyatMerdeka99,"Graha Pena, Kebayoran Lama 12",1379232385301049346,"Ujian 2 Bulan Ke Depan

#VoxPopuli #mudik #lebaran #mudik2021 #ekonomi #Corona #coronavirus #COVID19 #COVID„Éº19 #COVID__19 #Covid_19 #COVID #RakyatMerdeka #RMid

https://t.co/3b29AoAnJH",2021-04-06 00:40:00,right_only
147,1364342866424655872,Outbreak Learning,OutbreakLearn,"DKI Jakarta, Indonesia",1379232052474564610,"Pandemic Covid-19 berpotensi turunkan capaian Imunisasi Nasional.
Baca Selengkapnya:
https://t.co/2dVsfGSStf

Prokes #COVID #COVIDvaccine #COVID19 #pandemi https://t.co/tcKy93BcxU",2021-04-06 00:38:40,right_only
148,712276389286686721,Rakyat Merdeka,RakyatMerdeka99,"Graha Pena, Kebayoran Lama 12",1379228610511265793,"Top News Koran Rakyat Merdeka

Pemprov DKI Imbau Warga Tetap Patuh 3 M
8 Juta Orang Di Jakarta Sudah Vaksin Covid-19

@ArizaPatria #Vaksinasi #Jakarta #Vaksin #VaksinasiNasional #Megapolitan #Corona #coronavirus #COVID19 #COVID #RakyatMerdeka #RMid

https://t.co/r0lHAzqK1y",2021-04-06 00:25:00,right_only
149,712276389286686721,Rakyat Merdeka,RakyatMerdeka99,"Graha Pena, Kebayoran Lama 12",1379224835583270925,"Top News Koran Rakyat Merdeka

Kabar Corona Hari Ini
Yang Meninggal Masih Tinggi Jangan Merasa Sudah Bebas

#kasuskematian #Nasional #Corona #coronavirus #COVID19 #COVID„Éº19 #COVID__19 #Covid_19 #COVID #RakyatMerdeka #RMid

https://t.co/NFdGXkDiaE",2021-04-06 00:10:00,right_only
150,712276389286686721,Rakyat Merdeka,RakyatMerdeka99,"Graha Pena, Kebayoran Lama 12",1379222322259841026,"Top News Koran Rakyat Merdeka

Prokes Dicuekin, Virus Baru Menyebar
Jumlah Kasus Corona India Tembus 100 Ribu Per Hari

#India #protokolkesehatan #Internasional #Corona #coronavirus #COVID19 #COVID„Éº19 #COVID__19 #Covid_19 #COVID #RakyatMerdeka #RMid

https://t.co/p17XFA33gR",2021-04-06 00:00:00,right_only
151,89877164,fajar online,fajaronline,"Jakarta, Indonesia",1379053115391926283,"Ibadah Ramadan saat Covid-19, Ini 11 Panduan dari Kemenag https://t.co/ArXVcwILx0 #covid-19 #IbadahRamadan #Kemenag",2021-04-05 12:47:38,right_only
152,3231776798,Berita Covid,beritacovid,,1378977746542604289,"#Gelar Jambore di saat Covid-19, Komunitas Toyota Calya Batasi Peserta 50 Mobil - iNews #Covid #Covid19 https://t.co/eWbrwfCrhA",2021-04-05 07:48:09,right_only
153,3231776798,Berita Covid,beritacovid,,1378977741681348610,#Kasus Kematian Akibat COVID-19 Di Kabupaten Jayapura Masih Tinggi - I Papua - Papua - Jubi | Portal Berita Tanah Papua No. 1 #Covid #Covid19 https://t.co/UvkaNOrKEq,2021-04-05 07:48:08,right_only
154,712276389286686721,Rakyat Merdeka,RakyatMerdeka99,"Graha Pena, Kebayoran Lama 12",1378976645843836930,"Masa Pandemi, Menpora Minta Pemuda Lakukan Empat Hal Ini

@KEMENPORA_RI #Pemuda #Unisma #GovermentAction #Corona #coronavirus #COVID19 #COVID„Éº19 #COVID__19 #Covid_19 #COVID #RakyatMerdeka #RMid 

https://t.co/S1oevZVuXF",2021-04-05 07:43:47,right_only
155,712276389286686721,Rakyat Merdeka,RakyatMerdeka99,"Graha Pena, Kebayoran Lama 12",1378975857272778757,"Buka Muktamar Pemikiran Dosen PMII, Gus AMI Sampaikan Tiga Prioritas Pasca Pandemi

@DPP_PKB @FraksiPKB @cakimiNOW #PMII #Corona #coronavirus #COVID19 #COVID„Éº19 #COVID__19 #Covid_19 #COVID #RakyatMerdeka #RMid 

https://t.co/dQ3vwFLHH7",2021-04-05 07:40:39,right_only
156,106669711,BERNAMA,bernamadotcom,"Kuala Lumpur, Malaysia",1378958960288403456,"#COVID: Duta Malaysia dan isteri dibenar keluar hospital 

https://t.co/qMgboquLId https://t.co/kdGGHdx8XT",2021-04-05 06:33:30,right_only
157,712276389286686721,Rakyat Merdeka,RakyatMerdeka99,"Graha Pena, Kebayoran Lama 12",1378882581178023938,"Top News Koran Rakyat Merdeka

Banyak Supermarket Tutup
Ekonomi Bangkit, Lain Di Kata, Lain Di Fakta

#Giant #mall #supermarket #Giants #Nasional #Corona #coronavirus #COVID19 #COVID„Éº19 #COVID__19 #Covid_19 #COVID #RakyatMerdeka #RMid

https://t.co/Otwb9MItku",2021-04-05 01:30:00,right_only
158,944180887171743745,iNews.id,inewsdotid,"Jakarta, Indonesia",1378879748592439296,"Pemerintah Amerika Serikat menghentikan kegiatan pabrik di Baltimore untuk memproduksi vaksin Covid-19 yang dikembangkan oleh AstraZeneca Plc.

Baca berita terupdate selengkapnya di https://t.co/4poj5fUXqk

#Pabrik #Baltimore #AS #Vaksin #Covid #Corona #BioSolutions #AstraZeneca https://t.co/nbk8Zqg84V",2021-04-05 01:18:45,right_only
159,712276389286686721,Rakyat Merdeka,RakyatMerdeka99,"Graha Pena, Kebayoran Lama 12",1378877547090309124,"Siap-siap, PPKM Mikro Bakal Diperpanjang Lagi

#ppkm #ppkmmikro #Nasional #SatgasCovid19 #ingatpesanibu #pakaimasker #jagajarak #cucitangan #Corona #coronavirus #COVID19 #COVID„Éº19 #COVID__19 #Covid_19 #COVID #RakyatMerdeka #RMid

https://t.co/PeDsdNKMCf",2021-04-05 01:10:00,right_only
160,712276389286686721,Rakyat Merdeka,RakyatMerdeka99,"Graha Pena, Kebayoran Lama 12",1378873772195872768,"Top News Koran Rakyat Merdeka

Siap Cegah Warga Mudik
Polri Sekat 333 Titik

#mudik #Polri #polripresisi #mudik2021 #Corona #coronavirus #COVID19 #COVID„Éº19 #COVID__19 #Covid_19 #COVID #GovernmentAction #RakyatMerdeka #RMid

https://t.co/R2Bk0qEwLu",2021-04-05 00:55:00,right_only
161,712276389286686721,Rakyat Merdeka,RakyatMerdeka99,"Graha Pena, Kebayoran Lama 12",1378866222696079363,"Top News Koran Rakyat Merdeka

Sekolah Tatap Muka Dibuka
Ajari Anak-anak Disiplin Prokes Dari Sekarang Ya

#sekolah #sekolahtatapmuka #pendidikan #Corona #coronavirus #COVID19 #COVID„Éº19 #COVID__19 #Covid_19 #COVID #Nasional #RakyatMerdeka #RMid

https://t.co/EElJGfwfi4",2021-04-05 00:25:00,right_only
162,43856742,BERNAMA Radioüá≤üáæ,bernamaradio,Kuala Lumpur,1378861606176579585,"#COVID: 1,349 kes baharu, dua kematian direkodkan hari Ahad 

https://t.co/WoGvmZAeTM https://t.co/LmR7HvKOI6",2021-04-05 00:06:39,right_only
163,43856742,BERNAMA Radioüá≤üáæ,bernamaradio,Kuala Lumpur,1378847574027735041,"#ICYMI Hanya 30 peratus penduduk di kawasan #PKPD Tawau jalani saringan #COVID-19 

https://t.co/Z6O5X0J6cz https://t.co/7sjSqHX9dk",2021-04-04 23:10:54,right_only
164,1323933379,Universitas Syiah Kuala,univ_syiahkuala,"Darussalam, Banda Aceh",1378847571133693955,"#BeritaUSK 
Tim Satuan Tugas Covid-19 Universitas Syiah Kuala mengambil sampel swab tes antibodi kepada mahasiswa yang sedang mengikuti kuliah tatap muka.
https://t.co/YnOUceb4Ka
#USK #Covid #Kuliah https://t.co/kffoItLnEd",2021-04-04 23:10:53,right_only
165,2376472662,Diskominfo Kaltim,kominfokaltim,Basuki rahmat no 41 Samarinda,1378718163274096644,"Update Kasus #COVID-19 di #Kaltim per tanggal 4 April 2021

Website :
https://t.co/xLzzDSilau
https://t.co/fcwmbIzrLq

Facebook &amp; youtube:
Dinkes Provinsi Kalimantan Timur

#dinkesprovkaltim
#LawanCovid19 
#covid19kaltim
#Sobatkom
#Diskominfokaltim https://t.co/AbJmRLwRXz",2021-04-04 14:36:40,right_only
166,106669711,BERNAMA,bernamadotcom,"Kuala Lumpur, Malaysia",1378693561919541259,"[Berita] #COVID: 1,349 kes baharu, dua kematian direkodkan hari Ahad 

https://t.co/9bt9FYOOzn

@DGHisham @KKMPutrajaya https://t.co/OJVrvqdwgh",2021-04-04 12:58:54,right_only
167,43856742,BERNAMA Radioüá≤üáæ,bernamaradio,Kuala Lumpur,1378685938147028998,"#COVID: Kluster tembok di Sri Aman penyumbang tertinggi jangkitan baharu di Sarawak 

https://t.co/FYGNpoRZrO https://t.co/6Zxb62sebM",2021-04-04 12:28:37,right_only
168,106669711,BERNAMA,bernamadotcom,"Kuala Lumpur, Malaysia",1378676267940159489,"#COVID: Kluster tembok di Sri Aman penyumbang tertinggi jangkitan baharu di Sarawak 

https://t.co/nY8OdBKKJZ https://t.co/6cHL5JFSEq",2021-04-04 11:50:11,right_only
169,89877164,fajar online,fajaronline,"Jakarta, Indonesia",1378661934174593028,Angka Kematian Harian Covid-19 Pecah Rekor Sebanyak 427 Jiwa https://t.co/F09p9mSY1E #AngkaKematian #AngkaKematianHarian #covid-19,2021-04-04 10:53:14,right_only
170,3231776798,Berita Covid,beritacovid,,1378615501019037699,#Nilai Kemanusian Penggali Kubur Jenazah Covid-19 - Republika Online #Covid #Covid19 https://t.co/Z4AWdhiI7S,2021-04-04 07:48:43,right_only
171,3231776798,Berita Covid,beritacovid,,1378615477015023616,#AS Setop Pabrik di Baltimore Produksi Vaksin Covid AstraZeneca - iNews #Covid #Covid19 https://t.co/SIX3r5onbN,2021-04-04 07:48:37,right_only
172,3231776798,Berita Covid,beritacovid,,1378615468324446209,#Kasus Covid di Kanada Tembus Satu Juta Orang - https://t.co/ccqTzYHWt0 #Covid #Covid19 https://t.co/jjTMRAA7Ve,2021-04-04 07:48:35,right_only
173,3231776798,Berita Covid,beritacovid,,1378615459004755969,#Dinkes Yogyakarta Gencarkan Pelaksanaan Vaksinasi COVID-19 - https://t.co/xL1sNvrkP5 #Covid #Covid19 https://t.co/tEb7gUKEtj,2021-04-04 07:48:33,right_only
174,3231776798,Berita Covid,beritacovid,,1378615454147706883,#Pemerintah Pusat dan Daerah Harus Lebih Intens Tangani COVID-19 - https://t.co/v303nst1AK #Covid #Covid19 https://t.co/NJjTpnhpEb,2021-04-04 07:48:32,right_only
175,712276389286686721,Rakyat Merdeka,RakyatMerdeka99,"Graha Pena, Kebayoran Lama 12",1378590646617837569,"Peringati Paskah Di Rumah, Hasto Gelorakan Semangat Berkorban Di Tengah Pandemi

@PDI_Perjuangan @66Hasto #PDIPerjuangan #Paskah #HariRayaPaskah #Corona #coronavirus #COVID19 #COVID„Éº19 #COVID__19 #Covid_19 #COVID #RakyatMerdeka #RMid 

https://t.co/FYmWICGWPe",2021-04-04 06:09:57,right_only
176,89877164,fajar online,fajaronline,"Jakarta, Indonesia",1378554575964172290,"Salat Tarawih, Berikut Persyaratan Bagi Masjid https://t.co/ZfM9SnEO8K #covid-19 #masjid #ProtokolKesehatan #Ramadan",2021-04-04 03:46:37,right_only
177,712276389286686721,Rakyat Merdeka,RakyatMerdeka99,"Graha Pena, Kebayoran Lama 12",1378546728081584129,"Jangan Embargo Vaksin 
China, Dengerin Harapan Menlu

@Kemlu_RI #China #Vaksin #Vaksinasi #Corona #coronavirus #COVID19 #COVID„Éº19 #COVID__19 #Covid_19 #COVID #RakyatMerdeka #RMid 

https://t.co/KPSzRTEiC8",2021-04-04 03:15:26,right_only
178,712276389286686721,Rakyat Merdeka,RakyatMerdeka99,"Graha Pena, Kebayoran Lama 12",1378546174634848266,"Nunggak Rp 1 Triliun Lebih, Cegah Pemotongan 
Kemenkes Janji Segera Cairkan Insentif Nakes

@KemenkesRI #Nakes #TenagaMedis #Insentif #Corona #coronavirus #COVID19 #COVID„Éº19 #COVID__19 #Covid_19 #COVID #RakyatMerdeka #RMid 

https://t.co/8CLSzs82VQ",2021-04-04 03:13:14,right_only
179,712276389286686721,Rakyat Merdeka,RakyatMerdeka99,"Graha Pena, Kebayoran Lama 12",1378521450827542529,"Top News Koran Rakyat Merdeka

Warga Rame-rame Liburan
Satgas Covid Cemas

#SatgasCovid19 #Nasional #LiburanPatuhProkes  #paskah #lebaran #mudik #Corona #coronavirus #COVID19 #COVID„Éº19 #COVID__19 #Covid_19 #COVID #RakyatMerdeka #RMid

https://t.co/U2YAFnfTZc",2021-04-04 01:35:00,right_only
180,712276389286686721,Rakyat Merdeka,RakyatMerdeka99,"Graha Pena, Kebayoran Lama 12",1378519689169494016,"Cegah Penularan Corona
Penumpang Angkutan Umum Masih Dibatasi

#angkot #angkutanumum #Nasional #SatgasCovid19 #pakaimasker #jagajarak #cucitangan #Corona #coronavirus #COVID19 #COVID„Éº19 #COVID__19 #Covid_19 #COVID #RakyatMerdeka #RMid

https://t.co/s3qQ5nVHOb",2021-04-04 01:28:00,right_only
181,361651536,Kraksaan Online Dot ID,kraksaan_online,"√úT: -7.75632,113.40272",1378518355636805645,Tiga Pejabat Pilar Kabupaten Probolinggo Raih Journalist Award 2021 https://t.co/FoDDmcUNRV #Covid-19 #JournalistAward2021 #SiagaCovid-19,2021-04-04 01:22:42,right_only
182,712276389286686721,Rakyat Merdeka,RakyatMerdeka99,"Graha Pena, Kebayoran Lama 12",1378512644215296002,"Covid-19 Bermutasi Lagi
Disiplin Prokes Jangan Kendor

#SatgasCovid19 #Nasional #pakaimasker #jagajarak #cucitangan #Corona #coronavirus #COVID19 #COVID„Éº19 #COVID__19 #Covid_19 #COVID #RakyatMerdeka #RMid

https://t.co/aPgJTErfeI",2021-04-04 01:00:00,right_only
183,712276389286686721,Rakyat Merdeka,RakyatMerdeka99,"Graha Pena, Kebayoran Lama 12",1378505093801242624,"Top News Koran Rakyat Merdeka

Jakarta Masih Rawan Penularan Covid-19
Pemprov Diingatkan, Jangan Paksakan Belajar Tatap Muka

@ArizaPatria #sekolah #pendidikan #Megapolitan #Corona #coronavirus #COVID19 #Covid_19 #COVID #RakyatMerdeka #RMid

https://t.co/g8xyKGl9Ii",2021-04-04 00:30:00,right_only
184,712276389286686721,Rakyat Merdeka,RakyatMerdeka99,"Graha Pena, Kebayoran Lama 12",1378502576430321665,"Top News Koran Rakyat Merdeka

Insentif Ditransfer Ke Nomor Rekening Pribadi
Imun Nakes Ada Yang Naik Ada Juga Yang Turun Nih...

#tenagakesehatan #Insentif #Nasional #SatgasCovid19 #Corona #coronavirus #COVID19 #Covid_19 #COVID #RakyatMerdeka #RMid

https://t.co/ojzREROaZY",2021-04-04 00:20:00,right_only
185,712276389286686721,Rakyat Merdeka,RakyatMerdeka99,"Graha Pena, Kebayoran Lama 12",1378498802009612288,"Ibu Menyusui Aman, Silakan Vaksin Covid-19...

#Vaksin #Vaksinasi #VaksinasiNasional #Nasional #SatgasCovid19 #Corona #coronavirus #COVID19 #COVID„Éº19 #COVID__19 #Covid_19 #COVID #RakyatMerdeka #RMid

https://t.co/qhsUi4FVmL",2021-04-04 00:05:00,right_only
186,2911375412,Republik Merdeka Banten,rmolbantencom,Indonesia,1378397564903419904,Sejak Maret Jenazah Covid-19 Yang Dimakamkan di TPU Jombang Terus Menurun - https://t.co/d6vhyP6enD https://t.co/jr2KlLQULN #COVID #tangsel @humastangsel https://t.co/fmmPwJiwSB,2021-04-03 17:22:43,right_only
187,783546511682592768,Window To News,windowtonews,"Bhopal, India",1378381624052703239,"DMK's Kanimozhi tests positive for coronavirus - Window To News https://t.co/sxePKJeL1m 

#Chennai,#Covid,#Kanimozhi",2021-04-03 16:19:22,right_only
188,1163117800010866689,Ruang Berita,ruberUpdate,Indonesia,1378340322518781953,"Covid-19 di Sumedang Nyaris Tembus 3.000 Kasus, Tetap Waspada! https://t.co/VBYNy25Uh9

#COVID„Éº19 #COVID #coronavirus #sumedang #jabar #news #malamminggu",2021-04-03 13:35:15,right_only
189,350668803,INDOZONE,indozonemedia,Indonesia,1378333572558245892,"Kisah seorang ayah menghabiskan uang yang dia tabung karena tidak bisa pergi berlibur lantaran pembatasan pandemi Covid-19 yang memutuskan untuk membangun sebuah bar. Ini kisah lengkapnya! #BAR #PANDEMI #COVID

https://t.co/r6situdMyg",2021-04-03 13:08:26,right_only
190,84283860,cewekbanget.id,cewekbangetid,"√úT: -6.209339,106.818756",1378331776150552582,"Penyintas #Covid-19 kemungkinan cukup hanya menerima satu dosis #vaksin aja.

#CBHealth #CewekBanget #CewekBangetID #Girls4TheFuture #GridNetwork
https://t.co/XJzU8hT6S1",2021-04-03 13:01:18,right_only
191,350668803,INDOZONE,indozonemedia,Indonesia,1378319475544481796,"Penambahan kasus Covid-19 Jakarta per hari ini bertambah 1.000-an orang #COVID 

https://t.co/T0xIhZIIYO",2021-04-03 12:12:25,right_only
192,106669711,BERNAMA,bernamadotcom,"Kuala Lumpur, Malaysia",1378272456092225537,"Hampir 1, 000 pekerja sektor minyak dan gas Labuan jalani ujian #COVID 

https://t.co/WqIhAhBPQp",2021-04-03 09:05:35,right_only
193,3231776798,Berita Covid,beritacovid,,1378253099635195904,"#Mumpuni Kelola Limbah Covid-19, Jasa Medivest Torehkan Apresiasi Nasional - https://t.co/XFEnbIAvws #Covid #Covid19 https://t.co/waMjZleOC3",2021-04-03 07:48:40,right_only
194,3231776798,Berita Covid,beritacovid,,1378253096044875776,"#Korban Meninggal akibat Covid Terus Bertambah, Brasil Pindahkan 1.000 Kerangka Manusia - iNews #Covid #Covid19 https://t.co/GWB9vYQ4XN",2021-04-03 07:48:39,right_only
195,3231776798,Berita Covid,beritacovid,,1378253089506004992,#Vaksin Covid-19 Bisa Bikin Mandul? Begini Jawaban dr. Tirta - https://t.co/xL1sNvrkP5 #Covid #Covid19 https://t.co/FrV4j0XdTr,2021-04-03 07:48:37,right_only
196,3231776798,Berita Covid,beritacovid,,1378253088008638464,#RI Minta Tiongkok Kirim Vaksin Covid 19 Tepat Waktu - https://t.co/6C7ozUmJye #Covid #Covid19 https://t.co/MOfPBFzmet,2021-04-03 07:48:37,right_only
197,3231776798,Berita Covid,beritacovid,,1378253078248427523,#Kasus Covid-19 di NTT Bertambah 19 Orang - https://t.co/xL1sNvrkP5 #Covid #Covid19 https://t.co/UlTAIooJpc,2021-04-03 07:48:35,right_only
198,3231776798,Berita Covid,beritacovid,,1378253074674941965,#Kota Malang Masih Tunggu Pendistribusian Vaksin Covid-19 Selanjutnya untuk Lansia - https://t.co/F3pZ81j3vB #Covid #Covid19 https://t.co/oywB3EEm78,2021-04-03 07:48:34,right_only
199,3231776798,Berita Covid,beritacovid,,1378253063413194754,"#GeNose, Ikhtiar Anak Bangsa Melawan Covid-19 - Republika Online #Covid #Covid19 https://t.co/ls11vMkuOK",2021-04-03 07:48:31,right_only
200,3231776798,Berita Covid,beritacovid,,1378253056626819072,"#Alhamdulillah, 960 Warga Lamtim Terkonfirmasi Covid-19 Sembuh - radarlampung #Covid #Covid19 https://t.co/VR38iaXPyg",2021-04-03 07:48:30,right_only
201,712276389286686721,Rakyat Merdeka,RakyatMerdeka99,"Graha Pena, Kebayoran Lama 12",1378242470002102273,"KPAI: Relaksasi SKB 4 Menteri Berisiko Picu Klaster Baru Di Sekolah

@RetnoListyarti @KPAI_official #sekolah #pendidikan #Corona #coronavirus #COVID19 #COVID„Éº19 #COVID__19 #Covid_19 #COVID #RakyatMerdeka #RMid 

https://t.co/1Y6rMkVHHr",2021-04-03 07:06:26,right_only
202,1052798082419580928,TIMES INDONESIA,timescoid,Wisma Mas Isman Jakarta,1378226004305580032,"Sebelumnya, Adita Irawati menyampaikan, pihaknya akan mengawasi secara ketat pengendalian transportasi pada masa Mudik Lebaran 2021, setelah pemerintah resmi melarang mudik.
#mudik #lebaran #pulangkampung #ramadhan #dirumahaja #covid #idulfitri #puasa https://t.co/lPqMidc2XZ https://t.co/osBHlNlHC2",2021-04-03 06:01:00,right_only
203,712276389286686721,Rakyat Merdeka,RakyatMerdeka99,"Graha Pena, Kebayoran Lama 12",1378201135329144832,"Tertinggi, Jumlah Kasus Positif Corona Turki Tembus 42.308

#Turkey #Internasional #Corona #coronavirus #COVID19 #COVID„Éº19 #COVID__19 #Covid_19 #COVID #RakyatMerdeka #RMid 

https://t.co/aXQdwyReli",2021-04-03 04:22:11,right_only
204,712276389286686721,Rakyat Merdeka,RakyatMerdeka99,"Graha Pena, Kebayoran Lama 12",1378165357467291650,"Orang Dengan Komorbid Aman Divaksin Covid-19

#Vaksin #Vaksinasi #VaksinasiNasional #Nasional #SatgasCovid19 #ingatpesanibu #pakaimasker #jagajarak #cucitangan #Corona #coronavirus #COVID19 #COVID„Éº19 #COVID__19 #Covid_19 #COVID #RakyatMerdeka #RMid

https://t.co/2MS00pYigI",2021-04-03 02:00:00,right_only
205,712276389286686721,Rakyat Merdeka,RakyatMerdeka99,"Graha Pena, Kebayoran Lama 12",1378152771497697280,"Harapan Satgas
Semoga Libur Paskah Tak Bikin Kasus Positif Virus Corona Melonjak

#SatgasCovid19 #Nasional #pakaimasker #jagajarak #cucitangan #Corona #coronavirus #COVID19 #COVID„Éº19 #COVID__19 #Covid_19 #COVID #RakyatMerdeka #RMid

https://t.co/ZPNAmvKf9z",2021-04-03 01:10:00,right_only
206,712276389286686721,Rakyat Merdeka,RakyatMerdeka99,"Graha Pena, Kebayoran Lama 12",1378140188619194369,"Top News Koran Rakyat Merdeka

ASN Dilarang Ke Luar Kota
Di Rumah Saja, Mawas Diri Dan Jangan Berbuat Ceroboh

@kempanrb #asn #Libur #mudik2021 #mudik #lebaran #Corona #coronavirus #COVID19 #Covid_19 #COVID #Nasional #RakyatMerdeka #RMid

https://t.co/YnEfbwxdOK",2021-04-03 00:20:00,right_only
207,361651536,Kraksaan Online Dot ID,kraksaan_online,"√úT: -7.75632,113.40272",1378081414650986504,"Zero Kasus, 18 Kecamatan Masuk Zona Hijau https://t.co/YdxG6hoxqY #COVID-19Update #KabupatenProbolinggo",2021-04-02 20:26:27,right_only
208,2376472662,Diskominfo Kaltim,kominfokaltim,Basuki rahmat no 41 Samarinda,1377946460319141888,"Update Kasus #COVID-19 di #Kaltim per tanggal 2 April 2021

Website :
https://t.co/xLzzDSilau
https://t.co/fcwmbIzrLq

Facebook &amp; youtube:
Dinkes Provinsi Kalimantan Timur

#dinkesprovkaltim
#LawanCovid19 
#covid19kaltim
#Sobatkom
#Diskominfokaltim https://t.co/ezrxJ12FMK",2021-04-02 11:30:11,right_only
209,3231776798,Berita Covid,beritacovid,,1377890749128318977,#Serie A Italia Diingatkan Siaga Covid-19 - Republika Online #Covid #Covid19 https://t.co/1ySJFSk1E8,2021-04-02 07:48:49,right_only
210,3231776798,Berita Covid,beritacovid,,1377890746104172545,#Satgas Covid-19: Mematuhi protokol kesehatan dapat mencegah tertular varian E848K - Kontan #Covid #Covid19 https://t.co/lQLQStn3aX,2021-04-02 07:48:48,right_only
211,3231776798,Berita Covid,beritacovid,,1377890720963571714,"#Persiapan Sekolah Tatap Muka, 26.624 Guru Divaksin Covid-19 di Jakarta - https://t.co/xL1sNvrkP5 #Covid #Covid19 https://t.co/NXA2ip7JwX",2021-04-02 07:48:42,right_only
212,712276389286686721,Rakyat Merdeka,RakyatMerdeka99,"Graha Pena, Kebayoran Lama 12",1377829175684292611,"Manut Aturan Pusat, Gibran Larang ASN Solo Mudik Lebaran

@GibranRakabumi #lebaran #MudikLebaran2021 #ASN
#Corona #coronavirus #COVID19 #COVID„Éº19 #COVID__19 #Covid_19 #COVID #RakyatMerdeka #RMid 
 https://t.co/qQEpRlYyBj",2021-04-02 03:44:08,right_only
213,712276389286686721,Rakyat Merdeka,RakyatMerdeka99,"Graha Pena, Kebayoran Lama 12",1377828730219851779,"5 Ribu Pegawai KAI Ikuti Program Vaksinasi Bersama BUMN

@KAI121 @keretaapikita #Vaksin
#Vaksinasi #VaksinasiNasional #BUMN #Corona #coronavirus #COVID19 #COVID„Éº19 #COVID__19 #Covid_19 #COVID #RakyatMerdeka #RMid 

https://t.co/IGJuovnPle",2021-04-02 03:42:22,right_only
214,750551587,educratsweb,educratsweb,india,1377824329509965828,#Surge in Delhi Covid cases due to... CM Arvind Kejriwal on testing more https://t.co/MF8mdbnftk  #Surge   #Delhi   #Covid   #cases   #due   #to...   #Arvind   #Kejriwal   #testing,2021-04-02 03:24:53,right_only
215,944180887171743745,iNews.id,inewsdotid,"Jakarta, Indonesia",1377806065723600903,"Proses belajar tatap muka rencananya akan kembali diberlakukan.

Baca berita terupdate selengkapnya di https://t.co/YIex48UXsl

#Inewsid #IniBaruBerita #News #KPCPEN #TatapMuka #Pendidikan #Sekolah #Pemerintah #Syarat #Pandemi #Covid #Covid19 #Corona #Virus https://t.co/sDDy3b5GNM",2021-04-02 02:12:19,right_only
216,712276389286686721,Rakyat Merdeka,RakyatMerdeka99,"Graha Pena, Kebayoran Lama 12",1377783031159656452,"Menkes Ramal Bisnis Obat-obatan Bakal Makin Moncer Akibat Pandemi

@KemenkesRI @BudiGSadikin #farmasi #Obat #Corona #coronavirus #COVID19 #COVID„Éº19 #COVID__19 #Covid_19 #COVID #RakyatMerdeka #RMid 

https://t.co/dgJlwKNysn",2021-04-02 00:40:47,right_only
